-- --------------------------------------------------------
-- 主机:                           127.0.0.1
-- 服务器版本:                        5.7.11-enterprise-commercial-advanced-log - MySQL Enterprise Server - Advanced Edition (Commercial)
-- 服务器操作系统:                      Win64
-- HeidiSQL 版本:                  9.3.0.4998
-- --------------------------------------------------------

/*!40101 SET @OLD_CHARACTER_SET_CLIENT=@@CHARACTER_SET_CLIENT */;
/*!40101 SET NAMES utf8mb4 */;
/*!40014 SET @OLD_FOREIGN_KEY_CHECKS=@@FOREIGN_KEY_CHECKS, FOREIGN_KEY_CHECKS=0 */;
/*!40101 SET @OLD_SQL_MODE=@@SQL_MODE, SQL_MODE='NO_AUTO_VALUE_ON_ZERO' */;

-- 导出 ibase4j 的数据库结构
DROP DATABASE IF EXISTS `ibase4j`;
CREATE DATABASE IF NOT EXISTS `ibase4j` /*!40100 DEFAULT CHARACTER SET utf8 */;
USE `ibase4j`;


-- 导出  表 ibase4j.sys_catalog 结构
DROP TABLE IF EXISTS `sys_catalog`;
CREATE TABLE IF NOT EXISTS `sys_catalog` (
  `id_` int(20) NOT NULL AUTO_INCREMENT COMMENT '流水号',
  `cascade_id` varchar(255) NOT NULL COMMENT '节点语义ID',
  `root_key` varchar(255) NOT NULL COMMENT '科目标识键',
  `root_name` varchar(255) NOT NULL COMMENT '科目名称',
  `name_` varchar(255) NOT NULL COMMENT '分类名称',
  `hotkey_` varchar(255) DEFAULT NULL COMMENT '热键',
  `parent_id` varchar(64) NOT NULL COMMENT '父节点流水号',
  `is_leaf_` varchar(255) NOT NULL DEFAULT '1' COMMENT '是否叶子节点',
  `is_auto_expand` varchar(255) NOT NULL DEFAULT '0' COMMENT '是否自动展开',
  `icon_name` varchar(255) DEFAULT NULL COMMENT '图标文件名称',
  `sort_no` int(10) DEFAULT NULL COMMENT '排序号',
  PRIMARY KEY (`id_`),
  UNIQUE KEY `sys_catalog_ukey` (`cascade_id`) USING BTREE
) ENGINE=InnoDB AUTO_INCREMENT=13 DEFAULT CHARSET=utf8 COMMENT='分类表';

-- 正在导出表  ibase4j.sys_catalog 的数据：~11 rows (大约)
/*!40000 ALTER TABLE `sys_catalog` DISABLE KEYS */;
INSERT INTO `sys_catalog` (`id_`, `cascade_id`, `root_key`, `root_name`, `name_`, `hotkey_`, `parent_id`, `is_leaf_`, `is_auto_expand`, `icon_name`, `sort_no`) VALUES
	(1, '0.001', 'PARAM_TYPE', '参数分类科目', '参数分类', NULL, '0', '0', '0', 'book.png', 0),
	(2, '0.002', 'DIC_TYPE', '词典分类科目', '数据字典分类', NULL, '0', '0', '0', 'book.png', 2),
	(3, '0.001.001', 'PARAM_TYPE', '参数分类科目', '业务参数', NULL, '1', '1', '0', 'user20.png', 2),
	(4, '0.001.002', 'PARAM_TYPE', '参数分类科目', '系统参数', NULL, '1', '0', '1', 'folder22.png', 1),
	(5, '0.002.001', 'DIC_TYPE', '词典分类科目', '系统管理', NULL, '2', '0', '1', 'folder22.png', 2),
	(6, '0.002.002', 'DIC_TYPE', '词典分类科目', '全局通用', NULL, '2', '1', '0', 'folder24.png', 3),
	(7, '0.002.006', 'DIC_TYPE', '词典分类科目', '平台配置', NULL, '2', '1', '0', 'folder2.png', 1),
	(8, '0.001.002.001', 'PARAM_TYPE', '参数分类科目', '验证码', NULL, '4', '1', '0', 'ok3.png', 2),
	(9, '0.001.002.002', 'PARAM_TYPE', '参数分类科目', '界面显示', NULL, '4', '1', '0', 'icon59.png', 1),
	(10, '0.001.002.003', 'PARAM_TYPE', '参数分类科目', '其它', NULL, '4', '1', '0', 'icon150.png', 9),
	(11, '0.001.002.004', 'PARAM_TYPE', '参数分类科目', '导航与菜单', NULL, '4', '1', '0', 'icon152.png', 3),
	(12, '0.002.001.001', 'DIC_TYPE', '词典分类科目', '工作流', NULL, '5', '1', '0', 'folder6.png', 1);
/*!40000 ALTER TABLE `sys_catalog` ENABLE KEYS */;


-- 导出  表 ibase4j.sys_dept 结构
DROP TABLE IF EXISTS `sys_dept`;
CREATE TABLE IF NOT EXISTS `sys_dept` (
  `id_` int(20) NOT NULL AUTO_INCREMENT COMMENT '部门编号',
  `dept_name` varchar(50) DEFAULT NULL COMMENT '部门名称',
  `parent_id` int(20) DEFAULT NULL COMMENT '上级部门编号',
  `enable_` int(1) DEFAULT NULL COMMENT '启用状态',
  `sort_no` int(3) DEFAULT NULL COMMENT '排序号',
  `leaf_` int(1) DEFAULT NULL COMMENT '叶子节点(0:树枝节点;1:叶子节点)',
  `remark_` varchar(100) DEFAULT NULL COMMENT '备注',
  PRIMARY KEY (`id_`)
) ENGINE=InnoDB DEFAULT CHARSET=utf8 COMMENT='部门';

-- 正在导出表  ibase4j.sys_dept 的数据：~0 rows (大约)
/*!40000 ALTER TABLE `sys_dept` DISABLE KEYS */;
/*!40000 ALTER TABLE `sys_dept` ENABLE KEYS */;


-- 导出  表 ibase4j.sys_dic 结构
DROP TABLE IF EXISTS `sys_dic`;
CREATE TABLE IF NOT EXISTS `sys_dic` (
  `id_` int(20) NOT NULL AUTO_INCREMENT,
  `index_id` int(20) DEFAULT NULL,
  `code_` varchar(50) DEFAULT NULL,
  `code_text` varchar(100) DEFAULT NULL,
  `enable_` int(1) NOT NULL DEFAULT '1',
  `sort_no` int(2) DEFAULT NULL,
  `editable_` int(1) NOT NULL DEFAULT '1',
  `remark_` varchar(500) DEFAULT NULL,
  PRIMARY KEY (`id_`),
  UNIQUE KEY `field_id_code` (`index_id`,`code_`)
) ENGINE=InnoDB AUTO_INCREMENT=24 DEFAULT CHARSET=utf8;

-- 正在导出表  ibase4j.sys_dic 的数据：~23 rows (大约)
/*!40000 ALTER TABLE `sys_dic` DISABLE KEYS */;
INSERT INTO `sys_dic` (`id_`, `index_id`, `code_`, `code_text`, `enable_`, `sort_no`, `editable_`, `remark_`) VALUES
	(1, 1, '0', '未知', 1, 1, 0, '1'),
	(2, 1, '1', '男', 1, 2, 0, '1'),
	(3, 1, '2', '女', 1, 3, 0, '1'),
	(4, 2, '0', '激活', 1, 1, 0, '1'),
	(5, 2, '1', '锁定', 1, 2, 0, '1'),
	(6, 3, '1', '业务角色', 1, 1, 0, '1'),
	(7, 3, '2', '管理角色', 1, 2, 0, '1'),
	(8, 3, '3', '系统内置角色', 1, 3, 0, '1'),
	(9, 4, '0', '树枝节点', 1, 1, 0, '1'),
	(10, 4, '1', '叶子节点', 1, 2, 0, '1'),
	(11, 5, '0', '只读', 1, 1, 0, '1'),
	(12, 5, '1', '可编辑', 1, 2, 0, '1'),
	(13, 6, '0', '禁用', 1, 1, 0, '1'),
	(14, 6, '1', '启用', 1, 2, 0, '1'),
	(15, 7, '1', '访问权限', 1, 1, 0, '1'),
	(16, 7, '2', '管理权限', 1, 2, 0, '1'),
	(17, 8, '1', '系统菜单', 1, 1, 0, '1'),
	(18, 8, '2', '业务菜单', 1, 2, 0, '1'),
	(19, 9, '1', '经办员', 1, 1, 0, '1'),
	(20, 9, '2', '管理员', 1, 2, 0, '1'),
	(21, 9, '3', '系统内置用户', 1, 3, 0, '1'),
	(22, 10, '0', '收缩', 1, 1, 0, '1'),
	(23, 10, '1', '展开', 1, 2, 0, '1');
/*!40000 ALTER TABLE `sys_dic` ENABLE KEYS */;


-- 导出  表 ibase4j.sys_dic_index 结构
DROP TABLE IF EXISTS `sys_dic_index`;
CREATE TABLE IF NOT EXISTS `sys_dic_index` (
  `id_` int(20) NOT NULL AUTO_INCREMENT,
  `catalog_id` int(20) NOT NULL DEFAULT '0',
  `key_` varchar(50) DEFAULT NULL,
  `name_` varchar(200) DEFAULT NULL,
  `remark_` varchar(1000) DEFAULT NULL,
  PRIMARY KEY (`id_`),
  UNIQUE KEY `code` (`key_`)
) ENGINE=InnoDB AUTO_INCREMENT=11 DEFAULT CHARSET=utf8 COMMENT='代码表';

-- 正在导出表  ibase4j.sys_dic_index 的数据：~10 rows (大约)
/*!40000 ALTER TABLE `sys_dic_index` DISABLE KEYS */;
INSERT INTO `sys_dic_index` (`id_`, `catalog_id`, `key_`, `name_`, `remark_`) VALUES
	(1, 6, 'SEX', '性别', NULL),
	(2, 6, 'LOCKED', '锁定', NULL),
	(3, 5, 'ROLETYPE', '角色类型', NULL),
	(4, 6, 'LEAF', '节点类型', NULL),
	(5, 5, 'EDITABLE', '编辑模式', NULL),
	(6, 5, 'ENABLE', '启用状态', NULL),
	(7, 5, 'AUTHORIZELEVEL', '权限级别', NULL),
	(8, 5, 'MENUTYPE', '菜单类型', NULL),
	(9, 5, 'USERTYPE', '人员类型', NULL),
	(10, 6, 'EXPAND', '展开状态', NULL);
/*!40000 ALTER TABLE `sys_dic_index` ENABLE KEYS */;


-- 导出  表 ibase4j.sys_menu 结构
DROP TABLE IF EXISTS `sys_menu`;
CREATE TABLE IF NOT EXISTS `sys_menu` (
  `id_` int(20) NOT NULL AUTO_INCREMENT COMMENT '菜单编号',
  `menu_name` varchar(50) DEFAULT NULL COMMENT '菜单名称',
  `menu_type` int(1) DEFAULT '0' COMMENT '菜单类型(1:系统菜单;0:业务菜单)',
  `parent_id` int(20) DEFAULT NULL COMMENT '上级菜单编号',
  `iconcls_` varchar(50) DEFAULT NULL COMMENT '节点图标CSS类名',
  `request_` varchar(100) DEFAULT NULL COMMENT '请求地址',
  `expand_` int(1) NOT NULL DEFAULT '0' COMMENT '展开状态(1:展开;0:收缩)',
  `sort_no` int(2) DEFAULT NULL COMMENT '排序号',
  `leaf_` int(1) NOT NULL DEFAULT '0' COMMENT '叶子节点(0:树枝节点;1:叶子节点)',
  `remark_` varchar(100) DEFAULT NULL COMMENT '备注',
  PRIMARY KEY (`id_`)
) ENGINE=InnoDB DEFAULT CHARSET=utf8 COMMENT='菜单';

-- 正在导出表  ibase4j.sys_menu 的数据：~0 rows (大约)
/*!40000 ALTER TABLE `sys_menu` DISABLE KEYS */;
/*!40000 ALTER TABLE `sys_menu` ENABLE KEYS */;


-- 导出  表 ibase4j.sys_param 结构
DROP TABLE IF EXISTS `sys_param`;
CREATE TABLE IF NOT EXISTS `sys_param` (
  `id_` int(20) NOT NULL AUTO_INCREMENT COMMENT '参数编号',
  `param_key` varchar(50) DEFAULT NULL COMMENT '参数键名',
  `param_value` varchar(100) DEFAULT NULL COMMENT '参数键值',
  `catalog_id` int(20) DEFAULT NULL,
  `remark_` varchar(100) DEFAULT NULL COMMENT '备注',
  PRIMARY KEY (`id_`)
) ENGINE=InnoDB DEFAULT CHARSET=utf8 COMMENT='全局参数表';

-- 正在导出表  ibase4j.sys_param 的数据：~0 rows (大约)
/*!40000 ALTER TABLE `sys_param` DISABLE KEYS */;
/*!40000 ALTER TABLE `sys_param` ENABLE KEYS */;


-- 导出  表 ibase4j.sys_role 结构
DROP TABLE IF EXISTS `sys_role`;
CREATE TABLE IF NOT EXISTS `sys_role` (
  `id_` int(20) NOT NULL AUTO_INCREMENT COMMENT '角色编号',
  `role_name` varchar(50) DEFAULT NULL COMMENT '角色名称',
  `dept_id` int(20) DEFAULT NULL COMMENT '所属部门编号',
  `role_type` int(1) NOT NULL DEFAULT '1' COMMENT '角色类型(1:业务角色;2:管理角色 ;3:系统内置角色)',
  `enable_` int(1) NOT NULL DEFAULT '1',
  `remark_` varchar(100) DEFAULT NULL COMMENT '备注',
  PRIMARY KEY (`id_`)
) ENGINE=InnoDB DEFAULT CHARSET=utf8 COMMENT='角色信息表';

-- 正在导出表  ibase4j.sys_role 的数据：~0 rows (大约)
/*!40000 ALTER TABLE `sys_role` DISABLE KEYS */;
/*!40000 ALTER TABLE `sys_role` ENABLE KEYS */;


-- 导出  表 ibase4j.sys_role_menu 结构
DROP TABLE IF EXISTS `sys_role_menu`;
CREATE TABLE IF NOT EXISTS `sys_role_menu` (
  `id_` int(20) NOT NULL AUTO_INCREMENT,
  `role_id` int(20) DEFAULT NULL,
  `menu_id` int(20) DEFAULT NULL,
  `authorize_` int(1) NOT NULL DEFAULT '1' COMMENT '权限级别(1:访问权限;2:管理权限)',
  `operate_time` timestamp NOT NULL DEFAULT CURRENT_TIMESTAMP,
  `operator_id` int(20) NOT NULL DEFAULT '1',
  PRIMARY KEY (`id_`),
  UNIQUE KEY `role_id_menu_id` (`role_id`,`menu_id`)
) ENGINE=InnoDB DEFAULT CHARSET=utf8 COMMENT='角色授权表';

-- 正在导出表  ibase4j.sys_role_menu 的数据：~0 rows (大约)
/*!40000 ALTER TABLE `sys_role_menu` DISABLE KEYS */;
/*!40000 ALTER TABLE `sys_role_menu` ENABLE KEYS */;


-- 导出  表 ibase4j.sys_user 结构
DROP TABLE IF EXISTS `sys_user`;
CREATE TABLE IF NOT EXISTS `sys_user` (
  `id_` int(20) NOT NULL AUTO_INCREMENT,
  `account_` varchar(20) DEFAULT NULL COMMENT '登陆帐户',
  `password_` varchar(50) DEFAULT NULL COMMENT '密码',
  `sex_` int(1) NOT NULL DEFAULT '0' COMMENT '性别(0:未知;1:男;2:女)',
  `user_name` varchar(30) DEFAULT NULL COMMENT '用户名',
  `avatar_` varchar(50) DEFAULT NULL,
  `user_type` int(1) DEFAULT '1' COMMENT '人员类型(1:经办员;2:管理员;3:系统内置人员;)',
  `dept_id` int(20) DEFAULT '1' COMMENT '部门编号',
  `locked_` int(1) DEFAULT '0' COMMENT '锁定标志(1:锁定;0:激活)',
  `usable_` int(1) DEFAULT '1',
  `create_time` timestamp NOT NULL DEFAULT CURRENT_TIMESTAMP,
  PRIMARY KEY (`id_`),
  UNIQUE KEY `account` (`account_`)
) ENGINE=InnoDB AUTO_INCREMENT=3 DEFAULT CHARSET=utf8;

-- 正在导出表  ibase4j.sys_user 的数据：~1 rows (大约)
/*!40000 ALTER TABLE `sys_user` DISABLE KEYS */;
INSERT INTO `sys_user` (`id_`, `account_`, `password_`, `sex_`, `user_name`, `avatar_`, `user_type`, `dept_id`, `locked_`, `usable_`, `create_time`) VALUES
	(2, 'admin', 'Llf678rVJnvTkZdk8CMaHv+s20wa37zzPidtDjQj7cE=', 0, 'admin', NULL, 3, 1, 0, 1, '2016-05-06 10:06:52');
/*!40000 ALTER TABLE `sys_user` ENABLE KEYS */;


-- 导出  表 ibase4j.sys_user_menu 结构
DROP TABLE IF EXISTS `sys_user_menu`;
CREATE TABLE IF NOT EXISTS `sys_user_menu` (
  `id_` int(20) NOT NULL AUTO_INCREMENT,
  `user_id` int(20) DEFAULT NULL,
  `menu_id` int(20) DEFAULT NULL,
  `operate_time` timestamp NULL DEFAULT NULL,
  `operator_id` int(20) DEFAULT NULL,
  PRIMARY KEY (`id_`),
  UNIQUE KEY `user_id_menu_id` (`user_id`,`menu_id`)
) ENGINE=InnoDB DEFAULT CHARSET=utf8 COMMENT='用户授权表';

-- 正在导出表  ibase4j.sys_user_menu 的数据：~0 rows (大约)
/*!40000 ALTER TABLE `sys_user_menu` DISABLE KEYS */;
/*!40000 ALTER TABLE `sys_user_menu` ENABLE KEYS */;


-- 导出  表 ibase4j.sys_user_role 结构
DROP TABLE IF EXISTS `sys_user_role`;
CREATE TABLE IF NOT EXISTS `sys_user_role` (
  `id_` int(20) NOT NULL,
  `user_id` int(20) DEFAULT NULL,
  `role_id` int(20) DEFAULT NULL,
  `operate_time` timestamp NULL DEFAULT NULL,
  `operator_id` int(20) DEFAULT NULL,
  PRIMARY KEY (`id_`),
  UNIQUE KEY `user_id_role_id` (`user_id`,`role_id`)
) ENGINE=InnoDB DEFAULT CHARSET=utf8 COMMENT='用户授权表';

-- 正在导出表  ibase4j.sys_user_role 的数据：~0 rows (大约)
/*!40000 ALTER TABLE `sys_user_role` DISABLE KEYS */;
/*!40000 ALTER TABLE `sys_user_role` ENABLE KEYS */;


-- 导出  表 ibase4j.sys_user_thirdparty 结构
DROP TABLE IF EXISTS `sys_user_thirdparty`;
CREATE TABLE IF NOT EXISTS `sys_user_thirdparty` (
  `id_` int(20) NOT NULL AUTO_INCREMENT,
  `user_id` int(20) NOT NULL,
  `provider_` varchar(50) NOT NULL COMMENT '第三方类型',
  `open_id` varchar(50) NOT NULL COMMENT '第三方Id',
  `create_time` timestamp NOT NULL DEFAULT CURRENT_TIMESTAMP,
  PRIMARY KEY (`id_`),
  UNIQUE KEY `user_id_provider__open_id` (`user_id`,`provider_`,`open_id`)
) ENGINE=InnoDB DEFAULT CHARSET=utf8 COMMENT='第三方用户';

-- 正在导出表  ibase4j.sys_user_thirdparty 的数据：~0 rows (大约)
/*!40000 ALTER TABLE `sys_user_thirdparty` DISABLE KEYS */;
/*!40000 ALTER TABLE `sys_user_thirdparty` ENABLE KEYS */;
/*!40101 SET SQL_MODE=IFNULL(@OLD_SQL_MODE, '') */;
/*!40014 SET FOREIGN_KEY_CHECKS=IF(@OLD_FOREIGN_KEY_CHECKS IS NULL, 1, @OLD_FOREIGN_KEY_CHECKS) */;
/*!40101 SET CHARACTER_SET_CLIENT=@OLD_CHARACTER_SET_CLIENT */;
